<?xml version="1.0" encoding="UTF-8"?>
<!--
  ~ JBoss, Home of Professional Open Source.
  ~ Copyright 2016, Red Hat, Inc., and individual contributors
  ~ as indicated by the @author tags. See the copyright.txt file in the
  ~ distribution for a full listing of individual contributors.
  ~
  ~ This is free software; you can redistribute it and/or modify it
  ~ under the terms of the GNU Lesser General Public License as
  ~ published by the Free Software Foundation; either version 2.1 of
  ~ the License, or (at your option) any later version.
  ~
  ~ This software is distributed in the hope that it will be useful,
  ~ but WITHOUT ANY WARRANTY; without even the implied warranty of
  ~ MERCHANTABILITY or FITNESS FOR A PARTICULAR PURPOSE. See the GNU
  ~ Lesser General Public License for more details.
  ~
  ~ You should have received a copy of the GNU Lesser General Public
  ~ License along with this software; if not, write to the Free
  ~ Software Foundation, Inc., 51 Franklin St, Fifth Floor, Boston, MA
  ~ 2110-1301 USA, or see the FSF site: http://www.fsf.org.
  -->
<module name="org.wildfly.http-client.common" xmlns="urn:jboss:module:1.9">

    <resources>
        <resource-root path="wildfly-http-client-common-1.1.8.Final.jar"/>
    </resources>

    <dependencies>
        <module name="java.naming"/>
        <module name="java.xml"/>
        <!--WFLY-14219 Remove deprecated <module name="javax.api"/> -->
        <module name="org.jboss.xnio"/>
        <module name="org.wildfly.client.config"/>
        <module name="io.undertow.core"/>
        <module name="org.jboss.logging"/>
        <module name="org.jboss.marshalling"/>
        <module name="org.jboss.marshalling.river"/>
        <module name="org.wildfly.security.elytron"/>
    </dependencies>
</module>
